Algorithm,test_rmse,fit_time,test_time
BaselineOnly,3.329897413613891,0.1330355167388916,0.12591137886047363
KNNWithMeans,3.4199904908889813,0.5040056228637695,1.885584831237793
KNNBaseline,3.427019499129403,0.585988187789917,2.249084234237671
SVD,3.5127230268760052,3.938869524002075,0.16400227546691895
KNNBasic,3.644095854375783,0.46636300086975097,1.7811487674713136
NormalPredictor,4.665203750702407,0.10965194702148437,0.16867313385009766
